{"position":{"x":5.931560516357422,"y":1.7021980285644532,"z":4.290172576904297}}